https://vlityacid-my.sharepoint.com/:u:/g/personal/cc07_vlity_com/EZNuR5vdJ4BNjv4NIXO3X8wBhMly76uOhsero2FlAn8bkg?e=OZnin1,Awakening
https://vlityacid-my.sharepoint.com/:u:/g/personal/cc07_vlity_com/EdDW8p_8_INHrlJQ84mTJKMBaSGZB4RqxjibKEkXYSmDFg?e=b1PhMW,STOP
https://vlityacid-my.sharepoint.com/:u:/g/personal/cc07_vlity_com/EQl88kuqTuZJufeWgXLjDMEBgqQk1PcZI1xA7vH9aGUwwA?e=UGM3Nm,Õ¯“ªŒ≤∫√√Œ
https://vlityacid-my.sharepoint.com/:u:/g/personal/cc07_vlity_com/EVi67u162w9FtWp_r4YHi4kBywTV8dHK5iC6WgJGDpN9cw?e=cXygGx,¡∞‰Ù –«∫£Ver.
https://vlityacid-my.sharepoint.com/:u:/g/personal/cc07_vlity_com/EYzmVzMN1bdMpAd_AUsxlYEBbhGvQpkY5aKj9nBMVSGwxQ?e=yuPEsE,«≥Ã≤
https://vlityacid-my.sharepoint.com/:u:/g/personal/cc07_vlity_com/EbZafdt3OOtDn5P10ObnokABPS-Lorsahee3le4CMsWGgw?e=7r24WB,º«“‰≤–∆¨
https://vlityacid-my.sharepoint.com/:u:/g/personal/cc07_vlity_com/EVj8Uq9RwP1Lo_PoOwPSqX4BHAqADpqTN_pylNGhQV7feA?e=whGjNR,∑˜œ˛
https://vlityacid-my.sharepoint.com/:u:/g/personal/cc07_vlity_com/EUHDp91DZixNsjH36-RQ7DUBkaQxeuIIseP6XGJmoRu5Qg?e=0XIuIk,Á≤‘∆‘Û
https://vlityacid-my.sharepoint.com/:u:/g/personal/cc07_vlity_com/ES_D_uQSc8hOsJsH7clQbwwBHyDT1sxwt9FWFIAE5phG1A?e=Rs0Knl,Jounery
https://vlityacid-my.sharepoint.com/:u:/g/personal/cc07_vlity_com/ERMrRJ5uBRhElIJqQZepr8UBi9p6Prev90lFFUC5BS1y5Q?e=uRpbs5,«≥Ã≤ –«≥æ&∫£“¡
